Compound,Formula,Adduct,m/z,z,t start (min),t stop (min)
EScore: 1.0 p value: 2.557e-02 RTime: 11.97,,(no adduct),384.7282,4,3,21
EScore: 1.0 p value: 2.557e-02 RTime: 11.284,,(no adduct),384.7281,4,3,21
EScore: 1.0 p value: 3.888e-02 RTime: 11.807,,(no adduct),512.635,3,3,21
EScore: 0.98 p value: 1.732e-02 RTime: 11.973,,(no adduct),620.6687,3,3,21
EScore: 1.0 p value: 2.557e-02 RTime: 12.133,,(no adduct),384.7281,2,3,22
EScore: 0.98 p value: 1.732e-02 RTime: 12.097,,(no adduct),620.6687,3,3,22
EScore: 0.98 p value: 1.073e-02 RTime: 12.126,,(no adduct),372.8041,5,3,22
EScore: 0.92 p value: 4.997e-02 RTime: 12.995,,(no adduct),555.9833,3,3,22
EScore: 0.75 p value: 4.492e-02 RTime: 12.696,,(no adduct),458.7612,2,3,22
EScore: 0.95 p value: 8.920e-03 RTime: 13.162,,(no adduct),498.2659,2,3,23
EScore: 0.95 p value: 8.920e-03 RTime: 13.758,,(no adduct),498.2649,4,3,23
EScore: 0.94 p value: 1.025e-02 RTime: 13.794,,(no adduct),417.4901,4,3,23
EScore: 0.98 p value: 1.685e-02 RTime: 14.085,,(no adduct),498.0142,4,4,24
EScore: 0.92 p value: 1.311e-02 RTime: 15.274,,(no adduct),458.7214,2,5,25
EScore: 0.83 p value: 5.963e-03 RTime: 15.324,,(no adduct),366.9783,5,5,25
EScore: 0.95 p value: 1.399e-03 RTime: 18.659,,(no adduct),400.5463,3,8,28
EScore: 0.79 p value: 4.178e-03 RTime: 18.423,,(no adduct),428.4917,4,8,28
EScore: 0.72 p value: 4.735e-02 RTime: 18.901,,(no adduct),409.7244,4,8,28
EScore: 0.71 p value: 3.185e-02 RTime: 18.309,,(no adduct),415.4779,2,8,28
EScore: 0.7 p value: 4.684e-02 RTime: 18.303,,(no adduct),442.7292,2,8,28
EScore: 0.76 p value: 4.239e-02 RTime: 19.538,,(no adduct),435.9857,2,9,29
EScore: 0.75 p value: 3.510e-02 RTime: 19.984,,(no adduct),410.4557,2,9,29
EScore: 0.74 p value: 3.241e-02 RTime: 19.956,,(no adduct),427.4859,4,9,29
EScore: 0.71 p value: 3.094e-02 RTime: 19.897,,(no adduct),428.2448,2,9,29
EScore: 0.7 p value: 4.861e-02 RTime: 19.205,,(no adduct),418.99,2,9,29
EScore: 0.66 p value: 4.446e-02 RTime: 19.901,,(no adduct),391.7248,2,9,29
EScore: 0.99 p value: 1.084e-02 RTime: 20.875,,(no adduct),463.8514,5,10,30
EScore: 0.98 p value: 1.190e-02 RTime: 20.758,,(no adduct),579.5628,4,10,30
EScore: 0.96 p value: 7.155e-03 RTime: 20.748,,(no adduct),498.5363,4,10,30
EScore: 0.94 p value: 8.557e-03 RTime: 20.835,,(no adduct),399.0307,5,10,30
EScore: 0.78 p value: 4.188e-02 RTime: 20.026,,(no adduct),424.7147,2,10,30
EScore: 0.75 p value: 2.068e-02 RTime: 20.426,,(no adduct),426.2067,2,10,30
EScore: 0.73 p value: 1.642e-02 RTime: 20.341,,(no adduct),381.4633,4,10,30
EScore: 0.73 p value: 4.698e-02 RTime: 20.334,,(no adduct),370.0061,5,10,30
EScore: 0.72 p value: 2.961e-02 RTime: 20.697,,(no adduct),422.4762,4,10,30
EScore: 0.71 p value: 1.012e-02 RTime: 20.886,,(no adduct),420.7264,4,10,30
EScore: 0.99 p value: 1.035e-04 RTime: 21.821,,(no adduct),551.0518,4,11,31
EScore: 0.99 p value: 1.035e-04 RTime: 21.327,,(no adduct),551.0519,4,11,31
EScore: 0.98 p value: 1.190e-02 RTime: 21.077,,(no adduct),579.5626,4,11,31
EScore: 0.9 p value: 3.601e-02 RTime: 21.69,,(no adduct),470.0255,4,11,31
EScore: 0.88 p value: 1.198e-02 RTime: 21.037,,(no adduct),395.1935,2,11,31
EScore: 0.82 p value: 2.053e-02 RTime: 21.766,,(no adduct),391.9606,2,11,31
EScore: 0.82 p value: 1.831e-02 RTime: 21.852,,(no adduct),446.9715,2,11,31
EScore: 0.78 p value: 2.009e-02 RTime: 21.616,,(no adduct),391.9611,4,11,31
EScore: 0.76 p value: 5.435e-03 RTime: 21.026,,(no adduct),402.2187,4,11,31
EScore: 0.73 p value: 1.930e-02 RTime: 21.582,,(no adduct),419.7408,2,11,31
EScore: 0.9 p value: 2.219e-02 RTime: 22.36,,(no adduct),382.2165,3,12,32
EScore: 0.8 p value: 2.501e-02 RTime: 22.863,,(no adduct),430.4873,2,12,32
EScore: 0.78 p value: 6.565e-03 RTime: 22.19,,(no adduct),408.9756,4,12,32
EScore: 0.77 p value: 2.507e-02 RTime: 22.97,,(no adduct),439.2073,4,12,32
EScore: 0.77 p value: 4.698e-02 RTime: 22.104,,(no adduct),447.2219,2,12,32
EScore: 0.69 p value: 1.111e-02 RTime: 22.466,,(no adduct),405.2083,4,12,32
EScore: 0.69 p value: 2.867e-02 RTime: 22.508,,(no adduct),453.2375,2,12,32
EScore: 0.68 p value: 6.979e-03 RTime: 22.627,,(no adduct),457.7458,2,12,32
EScore: 0.68 p value: 1.986e-02 RTime: 22.556,,(no adduct),409.459,4,12,32
EScore: 0.67 p value: 2.271e-02 RTime: 22.472,,(no adduct),418.7344,2,12,32
EScore: 0.82 p value: 3.766e-03 RTime: 23.532,,(no adduct),409.9519,4,13,33
EScore: 0.81 p value: 7.499e-03 RTime: 23.39,,(no adduct),439.2079,2,13,33
EScore: 0.77 p value: 1.442e-02 RTime: 23.679,,(no adduct),416.7328,4,13,33
EScore: 0.75 p value: 4.785e-02 RTime: 23.605,,(no adduct),454.9879,2,13,33
EScore: 0.71 p value: 2.767e-02 RTime: 23.473,,(no adduct),426.9825,4,13,33
EScore: 0.7 p value: 1.276e-02 RTime: 23.171,,(no adduct),427.2269,4,13,33
EScore: 0.69 p value: 3.622e-02 RTime: 23.758,,(no adduct),457.2328,2,13,33
EScore: 0.67 p value: 1.819e-02 RTime: 23.393,,(no adduct),423.2337,2,13,33
EScore: 0.64 p value: 9.173e-03 RTime: 23.524,,(no adduct),457.4919,2,13,33
EScore: 0.8 p value: 4.924e-04 RTime: 24.194,,(no adduct),440.242,4,14,34
EScore: 0.77 p value: 8.240e-04 RTime: 24.974,,(no adduct),384.2155,2,14,34
EScore: 0.73 p value: 2.388e-03 RTime: 24.922,,(no adduct),421.4844,2,14,34
EScore: 0.71 p value: 2.453e-02 RTime: 24.532,,(no adduct),441.9811,4,14,34
EScore: 0.71 p value: 1.712e-03 RTime: 24.338,,(no adduct),425.9751,2,14,34
EScore: 0.7 p value: 2.196e-02 RTime: 24.474,,(no adduct),441.991,2,14,34
EScore: 0.68 p value: 3.091e-02 RTime: 24.595,,(no adduct),443.2235,4,14,34
EScore: 0.63 p value: 1.700e-02 RTime: 24.679,,(no adduct),397.7133,2,14,34
EScore: 0.62 p value: 6.429e-03 RTime: 24.57,,(no adduct),395.2113,2,14,34
EScore: 0.6 p value: 3.168e-02 RTime: 24.078,,(no adduct),405.9821,4,14,34
EScore: 0.91 p value: 3.444e-02 RTime: 25.116,,(no adduct),384.9388,2,15,35
EScore: 0.84 p value: 6.904e-03 RTime: 25.262,,(no adduct),406.1978,4,15,35
EScore: 0.82 p value: 4.714e-02 RTime: 25.342,,(no adduct),408.4748,4,15,35
EScore: 0.8 p value: 2.398e-02 RTime: 25.65,,(no adduct),425.7379,2,15,35
EScore: 0.77 p value: 1.028e-03 RTime: 25.467,,(no adduct),427.2223,2,15,35
EScore: 0.77 p value: 4.605e-02 RTime: 25.62,,(no adduct),445.2385,4,15,35
EScore: 0.77 p value: 1.594e-02 RTime: 25.751,,(no adduct),393.2326,4,15,35
EScore: 0.76 p value: 1.327e-02 RTime: 25.064,,(no adduct),403.2063,2,15,35
EScore: 0.76 p value: 1.525e-02 RTime: 25.467,,(no adduct),457.7472,2,15,35
EScore: 0.76 p value: 2.084e-02 RTime: 25.234,,(no adduct),419.4727,4,15,35
EScore: 0.96 p value: 1.996e-02 RTime: 26.695,,(no adduct),477.7694,4,16,36
EScore: 0.79 p value: 3.787e-03 RTime: 26.694,,(no adduct),435.9777,2,16,36
EScore: 0.79 p value: 1.313e-02 RTime: 26.999,,(no adduct),442.9727,4,16,36
EScore: 0.75 p value: 3.464e-03 RTime: 26.85,,(no adduct),434.7147,4,16,36
EScore: 0.74 p value: 3.507e-02 RTime: 26.913,,(no adduct),358.5943,5,16,36
EScore: 0.74 p value: 1.472e-02 RTime: 26.617,,(no adduct),408.9905,4,16,36
EScore: 0.74 p value: 1.770e-02 RTime: 26.827,,(no adduct),447.9894,2,16,36
EScore: 0.74 p value: 1.205e-02 RTime: 26.684,,(no adduct),423.9686,4,16,36
EScore: 0.73 p value: 5.538e-03 RTime: 26.663,,(no adduct),445.7404,4,16,36
EScore: 0.72 p value: 4.921e-02 RTime: 26.656,,(no adduct),396.2217,2,16,36
EScore: 0.98 p value: 6.360e-03 RTime: 27.286,,(no adduct),636.3558,3,17,37
EScore: 0.83 p value: 4.517e-02 RTime: 27.641,,(no adduct),415.717,2,17,37
EScore: 0.78 p value: 2.464e-03 RTime: 27.511,,(no adduct),403.7238,2,17,37
EScore: 0.78 p value: 2.733e-05 RTime: 27.647,,(no adduct),411.9713,2,17,37
EScore: 0.78 p value: 1.941e-02 RTime: 27.949,,(no adduct),391.9781,2,17,37
EScore: 0.77 p value: 2.877e-02 RTime: 27.583,,(no adduct),462.745,2,17,37
EScore: 0.77 p value: 1.220e-02 RTime: 27.567,,(no adduct),413.2075,2,17,37
EScore: 0.74 p value: 2.739e-02 RTime: 27.618,,(no adduct),444.2285,4,17,37
EScore: 0.74 p value: 1.621e-02 RTime: 27.759,,(no adduct),387.9725,4,17,37
EScore: 0.74 p value: 3.692e-02 RTime: 27.2,,(no adduct),424.4724,2,17,37
EScore: 0.87 p value: 1.636e-02 RTime: 28.628,,(no adduct),432.7155,4,18,38
EScore: 0.81 p value: 2.468e-02 RTime: 28.736,,(no adduct),438.7076,4,18,38
EScore: 0.8 p value: 2.745e-03 RTime: 28.378,,(no adduct),441.7435,4,18,38
EScore: 0.77 p value: 2.645e-02 RTime: 28.29,,(no adduct),415.7184,4,18,38
EScore: 0.76 p value: 3.851e-03 RTime: 28.22,,(no adduct),437.2137,2,18,38
EScore: 0.76 p value: 4.867e-02 RTime: 28.209,,(no adduct),447.4914,4,18,38
EScore: 0.75 p value: 2.325e-02 RTime: 28.047,,(no adduct),431.2318,4,18,38
EScore: 0.75 p value: 4.893e-02 RTime: 28.071,,(no adduct),406.4653,2,18,38
EScore: 0.74 p value: 4.409e-03 RTime: 28.26,,(no adduct),450.9837,4,18,38
EScore: 0.74 p value: 9.349e-03 RTime: 28.312,,(no adduct),443.4893,2,18,38
EScore: 0.8 p value: 7.500e-03 RTime: 29.285,,(no adduct),438.7072,2,19,39
EScore: 0.76 p value: 1.945e-02 RTime: 29.022,,(no adduct),409.4796,4,19,39
EScore: 0.76 p value: 6.743e-03 RTime: 29.543,,(no adduct),411.4786,2,19,39
EScore: 0.75 p value: 4.154e-02 RTime: 29.858,,(no adduct),407.7485,4,19,39
EScore: 0.75 p value: 9.078e-03 RTime: 29.373,,(no adduct),458.2487,2,19,39
EScore: 0.7 p value: 2.695e-03 RTime: 29.213,,(no adduct),445.4743,4,19,39
EScore: 0.7 p value: 9.404e-03 RTime: 29.689,,(no adduct),423.4749,2,19,39
EScore: 0.68 p value: 3.700e-02 RTime: 29.526,,(no adduct),449.7217,2,19,39
EScore: 0.66 p value: 3.413e-02 RTime: 29.598,,(no adduct),434.7421,2,19,39
EScore: 0.64 p value: 3.909e-02 RTime: 29.693,,(no adduct),434.9825,4,19,39
EScore: 0.75 p value: 2.604e-02 RTime: 30.415,,(no adduct),405.232,4,20,40
EScore: 0.74 p value: 2.071e-02 RTime: 30.176,,(no adduct),388.7192,2,20,40
EScore: 0.73 p value: 3.204e-02 RTime: 30.048,,(no adduct),431.9772,4,20,40
EScore: 0.69 p value: 2.142e-03 RTime: 30.615,,(no adduct),420.4676,2,20,40
EScore: 0.67 p value: 1.147e-02 RTime: 30.023,,(no adduct),404.4688,2,20,40
EScore: 0.67 p value: 3.641e-02 RTime: 30.293,,(no adduct),424.7417,4,20,40
EScore: 0.67 p value: 3.869e-02 RTime: 30.453,,(no adduct),455.7439,4,20,40
EScore: 0.67 p value: 1.114e-02 RTime: 30.57,,(no adduct),414.2137,4,20,40
EScore: 0.66 p value: 4.917e-02 RTime: 30.912,,(no adduct),384.2209,2,20,40
EScore: 0.64 p value: 3.625e-02 RTime: 30.902,,(no adduct),460.4915,4,20,40
EScore: 0.99 p value: 7.988e-03 RTime: 31.661,,(no adduct),680.0351,3,21,41
EScore: 0.99 p value: 6.133e-04 RTime: 31.674,,(no adduct),477.9323,3,21,41
EScore: 0.99 p value: 6.558e-03 RTime: 31.656,,(no adduct),510.5303,2,21,41
EScore: 0.99 p value: 6.583e-03 RTime: 31.668,,(no adduct),510.5291,4,21,41
EScore: 0.78 p value: 4.099e-02 RTime: 31.881,,(no adduct),423.7262,4,21,41
EScore: 0.76 p value: 4.232e-02 RTime: 31.525,,(no adduct),405.7135,2,21,41
EScore: 0.76 p value: 1.628e-03 RTime: 31.095,,(no adduct),417.9811,2,21,41
EScore: 0.73 p value: 1.982e-03 RTime: 31.214,,(no adduct),389.9736,4,21,41
EScore: 0.72 p value: 4.985e-02 RTime: 31.743,,(no adduct),398.9745,2,21,41
EScore: 0.7 p value: 1.829e-02 RTime: 31.822,,(no adduct),468.2329,2,21,41
EScore: 0.98 p value: 1.950e-02 RTime: 32.971,,(no adduct),510.7797,4,22,42
EScore: 0.77 p value: 1.140e-03 RTime: 32.981,,(no adduct),384.9673,2,22,42
EScore: 0.76 p value: 1.059e-02 RTime: 32.697,,(no adduct),443.2372,4,22,42
EScore: 0.75 p value: 1.218e-02 RTime: 32.647,,(no adduct),395.4681,4,22,42
EScore: 0.74 p value: 3.766e-02 RTime: 32.967,,(no adduct),457.2327,4,22,42
EScore: 0.73 p value: 4.825e-02 RTime: 32.956,,(no adduct),467.4954,2,22,42
EScore: 0.73 p value: 6.259e-03 RTime: 32.674,,(no adduct),435.9918,2,22,42
EScore: 0.68 p value: 2.448e-02 RTime: 32.802,,(no adduct),459.2426,4,22,42
EScore: 0.67 p value: 1.217e-02 RTime: 32.079,,(no adduct),441.4981,2,22,42
EScore: 0.66 p value: 3.899e-02 RTime: 32.926,,(no adduct),450.4887,4,22,42
EScore: 0.95 p value: 4.596e-02 RTime: 33.078,,(no adduct),510.278,4,23,43
EScore: 0.86 p value: 2.300e-03 RTime: 33.951,,(no adduct),531.6102,3,23,43
EScore: 0.73 p value: 4.918e-02 RTime: 33.071,,(no adduct),458.7328,4,23,43
EScore: 0.73 p value: 4.423e-02 RTime: 33.3,,(no adduct),521.953,3,23,43
EScore: 0.69 p value: 2.309e-02 RTime: 33.677,,(no adduct),438.2394,4,23,43
EScore: 0.68 p value: 4.975e-02 RTime: 33.925,,(no adduct),404.4604,4,23,43
EScore: 0.68 p value: 2.453e-02 RTime: 33.399,,(no adduct),374.7166,4,23,43
EScore: 0.67 p value: 1.848e-02 RTime: 33.875,,(no adduct),438.9947,4,23,43
EScore: 0.64 p value: 3.562e-02 RTime: 33.34,,(no adduct),393.2386,2,23,43
EScore: 0.63 p value: 2.219e-02 RTime: 33.597,,(no adduct),418.4619,2,23,43
EScore: 0.97 p value: 9.696e-03 RTime: 34.208,,(no adduct),510.7798,2,24,44
EScore: 0.83 p value: 2.300e-02 RTime: 34.712,,(no adduct),409.2299,4,24,44
EScore: 0.72 p value: 4.580e-02 RTime: 34.804,,(no adduct),457.9849,2,24,44
EScore: 0.72 p value: 2.883e-02 RTime: 34.587,,(no adduct),431.2508,2,24,44
EScore: 0.68 p value: 3.460e-02 RTime: 34.665,,(no adduct),367.1988,5,24,44
EScore: 0.68 p value: 1.395e-02 RTime: 34.674,,(no adduct),434.2305,2,24,44
EScore: 0.67 p value: 1.213e-02 RTime: 34.943,,(no adduct),550.9496,3,24,44
EScore: 0.67 p value: 1.316e-02 RTime: 34.819,,(no adduct),418.962,2,24,44
EScore: 0.64 p value: 4.625e-02 RTime: 34.983,,(no adduct),380.9647,2,24,44
EScore: 0.64 p value: 1.592e-02 RTime: 34.235,,(no adduct),418.7152,4,24,44
EScore: 0.8 p value: 1.513e-03 RTime: 35.589,,(no adduct),445.7275,4,25,45
EScore: 0.8 p value: 3.994e-02 RTime: 35.942,,(no adduct),537.6262,3,25,45
EScore: 0.75 p value: 4.285e-02 RTime: 35.619,,(no adduct),473.2484,4,25,45
EScore: 0.73 p value: 6.442e-04 RTime: 35.959,,(no adduct),426.7261,2,25,45
EScore: 0.7 p value: 2.479e-02 RTime: 35.135,,(no adduct),389.2121,2,25,45
EScore: 0.69 p value: 3.471e-02 RTime: 35.191,,(no adduct),520.9517,3,25,45
EScore: 0.69 p value: 4.832e-02 RTime: 35.085,,(no adduct),529.277,3,25,45
EScore: 0.69 p value: 3.682e-02 RTime: 35.968,,(no adduct),430.7173,2,25,45
EScore: 0.68 p value: 1.190e-02 RTime: 35.118,,(no adduct),441.9796,2,25,45
EScore: 0.67 p value: 2.287e-02 RTime: 35.198,,(no adduct),439.2194,4,25,45
EScore: 0.8 p value: 1.315e-02 RTime: 36.609,,(no adduct),465.4854,4,26,46
EScore: 0.76 p value: 3.819e-02 RTime: 36.11,,(no adduct),372.9672,4,26,46
EScore: 0.75 p value: 2.703e-02 RTime: 36.671,,(no adduct),397.7055,4,26,46
EScore: 0.74 p value: 6.243e-04 RTime: 36.594,,(no adduct),445.2381,2,26,46
EScore: 0.73 p value: 3.664e-02 RTime: 36.656,,(no adduct),452.7363,2,26,46
EScore: 0.7 p value: 1.895e-02 RTime: 36.566,,(no adduct),549.9502,3,26,46
EScore: 0.69 p value: 4.583e-02 RTime: 36.899,,(no adduct),440.474,2,26,46
EScore: 0.67 p value: 1.071e-02 RTime: 36.252,,(no adduct),451.4951,2,26,46
EScore: 0.67 p value: 2.636e-02 RTime: 36.956,,(no adduct),410.9786,4,26,46
EScore: 0.67 p value: 4.213e-02 RTime: 36.447,,(no adduct),428.2188,4,26,46
EScore: 0.76 p value: 2.745e-02 RTime: 37.245,,(no adduct),529.6267,3,27,47
EScore: 0.76 p value: 1.599e-03 RTime: 37.252,,(no adduct),397.9694,4,27,47
EScore: 0.74 p value: 2.230e-02 RTime: 37.468,,(no adduct),347.0027,5,27,47
EScore: 0.74 p value: 1.347e-02 RTime: 37.508,,(no adduct),401.4563,2,27,47
EScore: 0.74 p value: 2.779e-02 RTime: 37.171,,(no adduct),389.4625,2,27,47
EScore: 0.73 p value: 8.736e-03 RTime: 37.686,,(no adduct),439.4875,4,27,47
EScore: 0.73 p value: 9.569e-03 RTime: 37.809,,(no adduct),394.7232,4,27,47
EScore: 0.73 p value: 4.477e-02 RTime: 37.287,,(no adduct),431.4779,4,27,47
EScore: 0.72 p value: 1.056e-02 RTime: 37.238,,(no adduct),413.7134,2,27,47
EScore: 0.71 p value: 2.177e-03 RTime: 37.691,,(no adduct),413.9807,2,27,47
EScore: 0.8 p value: 3.819e-02 RTime: 38.129,,(no adduct),442.7272,2,28,48
EScore: 0.77 p value: 2.762e-02 RTime: 38.057,,(no adduct),377.9679,4,28,48
EScore: 0.75 p value: 2.469e-02 RTime: 38.849,,(no adduct),424.2115,2,28,48
EScore: 0.74 p value: 4.865e-02 RTime: 38.926,,(no adduct),416.715,4,28,48
EScore: 0.73 p value: 2.901e-02 RTime: 38.968,,(no adduct),404.7329,4,28,48
EScore: 0.72 p value: 3.336e-02 RTime: 38.867,,(no adduct),391.2233,2,28,48
EScore: 0.72 p value: 1.737e-02 RTime: 38.53,,(no adduct),424.9744,4,28,48
EScore: 0.71 p value: 2.305e-02 RTime: 38.425,,(no adduct),384.2103,2,28,48
EScore: 0.71 p value: 3.454e-02 RTime: 38.109,,(no adduct),389.729,2,28,48
EScore: 0.71 p value: 8.981e-04 RTime: 38.354,,(no adduct),415.9697,4,28,48
EScore: 0.82 p value: 2.647e-02 RTime: 39.921,,(no adduct),426.9909,4,29,49
EScore: 0.8 p value: 1.082e-03 RTime: 39.918,,(no adduct),400.222,2,29,49
EScore: 0.79 p value: 1.333e-02 RTime: 39.803,,(no adduct),404.7128,2,29,49
EScore: 0.79 p value: 1.617e-02 RTime: 39.932,,(no adduct),453.7257,4,29,49
EScore: 0.77 p value: 5.170e-03 RTime: 39.794,,(no adduct),527.9511,3,29,49
EScore: 0.76 p value: 4.309e-02 RTime: 39.882,,(no adduct),526.6186,3,29,49
EScore: 0.76 p value: 2.326e-03 RTime: 39.264,,(no adduct),526.2833,3,29,49
EScore: 0.75 p value: 2.639e-02 RTime: 39.944,,(no adduct),447.9793,2,29,49
EScore: 0.74 p value: 2.519e-02 RTime: 39.743,,(no adduct),404.233,4,29,49
EScore: 0.74 p value: 4.592e-02 RTime: 39.313,,(no adduct),437.738,2,29,49
EScore: 0.76 p value: 1.212e-02 RTime: 40.562,,(no adduct),555.9536,3,30,50
EScore: 0.74 p value: 4.317e-02 RTime: 40.287,,(no adduct),401.9678,4,30,50
EScore: 0.74 p value: 7.030e-03 RTime: 40.68,,(no adduct),536.2924,3,30,50
EScore: 0.73 p value: 1.623e-02 RTime: 40.315,,(no adduct),558.9559,3,30,50
EScore: 0.73 p value: 4.029e-03 RTime: 40.72,,(no adduct),430.7169,4,30,50
EScore: 0.71 p value: 4.616e-02 RTime: 40.652,,(no adduct),459.475,2,30,50
EScore: 0.69 p value: 3.630e-02 RTime: 40.717,,(no adduct),437.4648,4,30,50
EScore: 0.69 p value: 2.982e-02 RTime: 40.6,,(no adduct),453.9764,4,30,50
EScore: 0.67 p value: 3.447e-02 RTime: 40.557,,(no adduct),527.2849,3,30,50
EScore: 0.67 p value: 1.005e-02 RTime: 40.141,,(no adduct),411.2248,4,30,50
EScore: 0.83 p value: 7.458e-03 RTime: 41.553,,(no adduct),546.9704,3,31,51
EScore: 0.82 p value: 4.708e-02 RTime: 41.127,,(no adduct),400.2244,4,31,51
EScore: 0.79 p value: 3.416e-03 RTime: 41.435,,(no adduct),504.6081,3,31,51
EScore: 0.73 p value: 1.881e-02 RTime: 41.934,,(no adduct),455.2355,2,31,51
EScore: 0.72 p value: 8.119e-03 RTime: 41.586,,(no adduct),539.2924,3,31,51
EScore: 0.71 p value: 4.042e-02 RTime: 41.545,,(no adduct),436.9727,4,31,51
EScore: 0.71 p value: 3.642e-02 RTime: 41.341,,(no adduct),386.9699,2,31,51
EScore: 0.71 p value: 4.271e-02 RTime: 41.135,,(no adduct),453.9876,2,31,51
EScore: 0.71 p value: 8.003e-04 RTime: 41.828,,(no adduct),542.9739,3,31,51
EScore: 0.7 p value: 4.757e-02 RTime: 41.964,,(no adduct),428.4646,4,31,51
EScore: 0.77 p value: 2.461e-02 RTime: 42.24,,(no adduct),436.0003,4,32,52
EScore: 0.74 p value: 4.862e-02 RTime: 42.995,,(no adduct),573.3166,3,32,52
EScore: 0.74 p value: 3.288e-02 RTime: 42.021,,(no adduct),534.9556,3,32,52
EScore: 0.73 p value: 3.469e-02 RTime: 42.678,,(no adduct),428.9782,2,32,52
EScore: 0.73 p value: 8.018e-03 RTime: 42.54,,(no adduct),406.2246,2,32,52
EScore: 0.71 p value: 1.530e-02 RTime: 42.988,,(no adduct),534.2658,3,32,52
EScore: 0.71 p value: 1.714e-02 RTime: 42.033,,(no adduct),532.6165,3,32,52
EScore: 0.71 p value: 2.806e-02 RTime: 42.931,,(no adduct),439.4807,2,32,52
EScore: 0.71 p value: 5.098e-03 RTime: 42.754,,(no adduct),529.2779,3,32,52
EScore: 0.71 p value: 2.907e-02 RTime: 42.18,,(no adduct),406.4708,2,32,52
EScore: 0.73 p value: 3.561e-02 RTime: 43.466,,(no adduct),416.7135,2,33,53
EScore: 0.73 p value: 3.200e-02 RTime: 43.599,,(no adduct),396.2273,2,33,53
EScore: 0.71 p value: 6.140e-03 RTime: 43.394,,(no adduct),464.9821,2,33,53
EScore: 0.65 p value: 2.978e-02 RTime: 43.815,,(no adduct),401.7154,2,33,53
EScore: 0.64 p value: 1.902e-02 RTime: 43.199,,(no adduct),416.2329,4,33,53
EScore: 0.57 p value: 3.464e-02 RTime: 43.074,,(no adduct),399.2299,2,33,53
EScore: 0.75 p value: 2.117e-02 RTime: 44.419,,(no adduct),564.6188,3,34,54
EScore: 0.72 p value: 3.332e-02 RTime: 44.952,,(no adduct),403.4752,4,34,54
EScore: 0.71 p value: 1.369e-02 RTime: 44.524,,(no adduct),427.7432,2,34,54
EScore: 0.71 p value: 3.509e-03 RTime: 44.622,,(no adduct),468.4846,2,34,54
EScore: 0.69 p value: 9.510e-03 RTime: 44.91,,(no adduct),550.6201,3,34,54
EScore: 0.66 p value: 2.606e-03 RTime: 44.069,,(no adduct),488.2795,3,34,54
EScore: 0.66 p value: 3.096e-03 RTime: 44.425,,(no adduct),506.2857,3,34,54
EScore: 0.64 p value: 3.644e-02 RTime: 44.635,,(no adduct),406.7321,4,34,54
EScore: 0.64 p value: 1.180e-02 RTime: 44.369,,(no adduct),547.6089,3,34,54
EScore: 0.64 p value: 7.020e-03 RTime: 44.558,,(no adduct),554.6384,3,34,54
EScore: 0.79 p value: 4.705e-02 RTime: 45.46,,(no adduct),574.9729,3,35,55
EScore: 0.79 p value: 9.355e-04 RTime: 45.394,,(no adduct),522.9436,3,35,55
EScore: 0.76 p value: 1.832e-02 RTime: 45.13,,(no adduct),521.607,3,35,55
EScore: 0.73 p value: 3.204e-02 RTime: 45.211,,(no adduct),550.2994,3,35,55
EScore: 0.72 p value: 2.425e-03 RTime: 45.575,,(no adduct),534.626,3,35,55
EScore: 0.7 p value: 1.043e-02 RTime: 45.78,,(no adduct),529.9667,3,35,55
EScore: 0.67 p value: 1.329e-02 RTime: 45.027,,(no adduct),570.3041,3,35,55
EScore: 0.66 p value: 3.411e-02 RTime: 45.116,,(no adduct),533.9497,3,35,55
EScore: 0.65 p value: 1.693e-02 RTime: 45.303,,(no adduct),503.9305,3,35,55
EScore: 0.64 p value: 4.684e-02 RTime: 45.644,,(no adduct),415.7322,2,35,55
EScore: 0.77 p value: 2.558e-02 RTime: 46.847,,(no adduct),553.2999,3,36,56
EScore: 0.76 p value: 3.467e-02 RTime: 46.578,,(no adduct),522.964,3,36,56
EScore: 0.68 p value: 1.555e-02 RTime: 46.078,,(no adduct),545.2947,3,36,56
EScore: 0.67 p value: 1.786e-02 RTime: 46.804,,(no adduct),523.6072,3,36,56
EScore: 0.67 p value: 2.938e-02 RTime: 46.447,,(no adduct),425.9922,2,36,56
EScore: 0.66 p value: 1.704e-02 RTime: 46.578,,(no adduct),413.2251,4,36,56
EScore: 0.64 p value: 4.149e-02 RTime: 46.129,,(no adduct),531.959,3,36,56
EScore: 0.63 p value: 4.931e-02 RTime: 46.975,,(no adduct),493.9442,3,36,56
EScore: 0.62 p value: 3.438e-02 RTime: 46.947,,(no adduct),450.4876,2,36,56
EScore: 0.58 p value: 4.919e-02 RTime: 46.384,,(no adduct),465.2414,4,36,56
EScore: 0.78 p value: 1.631e-02 RTime: 47.681,,(no adduct),399.4709,4,37,57
EScore: 0.72 p value: 4.196e-02 RTime: 47.564,,(no adduct),564.6321,3,37,57
EScore: 0.7 p value: 3.252e-02 RTime: 47.097,,(no adduct),407.4672,4,37,57
EScore: 0.69 p value: 4.187e-02 RTime: 47.932,,(no adduct),526.9404,3,37,57
EScore: 0.68 p value: 8.585e-03 RTime: 47.826,,(no adduct),408.9664,4,37,57
EScore: 0.68 p value: 1.677e-02 RTime: 47.815,,(no adduct),562.9594,3,37,57
EScore: 0.68 p value: 3.951e-03 RTime: 47.704,,(no adduct),537.6218,3,37,57
EScore: 0.67 p value: 2.855e-02 RTime: 47.215,,(no adduct),564.6183,3,37,57
EScore: 0.67 p value: 1.434e-02 RTime: 47.932,,(no adduct),443.4741,2,37,57
EScore: 0.66 p value: 3.271e-02 RTime: 47.001,,(no adduct),424.7181,2,37,57
EScore: 0.71 p value: 4.084e-02 RTime: 48.435,,(no adduct),528.6037,3,38,58
EScore: 0.71 p value: 1.275e-02 RTime: 48.446,,(no adduct),416.9883,2,38,58
EScore: 0.7 p value: 2.362e-02 RTime: 48.409,,(no adduct),534.2899,3,38,58
EScore: 0.7 p value: 3.193e-02 RTime: 48.285,,(no adduct),534.6125,3,38,58
EScore: 0.69 p value: 4.547e-02 RTime: 48.36,,(no adduct),452.4851,4,38,58
EScore: 0.68 p value: 4.936e-02 RTime: 48.745,,(no adduct),442.2371,4,38,58
EScore: 0.68 p value: 1.647e-02 RTime: 48.939,,(no adduct),506.2866,3,38,58
EScore: 0.67 p value: 2.404e-02 RTime: 48.35,,(no adduct),537.2776,3,38,58
EScore: 0.67 p value: 1.034e-03 RTime: 48.212,,(no adduct),544.6067,3,38,58
EScore: 0.67 p value: 3.640e-02 RTime: 48.421,,(no adduct),467.9847,4,38,58
EScore: 0.82 p value: 5.524e-03 RTime: 49.218,,(no adduct),417.9809,4,39,59
EScore: 0.79 p value: 4.692e-02 RTime: 49.229,,(no adduct),528.2761,3,39,59
EScore: 0.78 p value: 1.736e-02 RTime: 49.424,,(no adduct),407.9615,2,39,59
EScore: 0.74 p value: 1.999e-02 RTime: 49.272,,(no adduct),497.9317,3,39,59
EScore: 0.74 p value: 2.383e-03 RTime: 49.857,,(no adduct),545.9551,3,39,59
EScore: 0.73 p value: 4.071e-02 RTime: 49.362,,(no adduct),465.2384,4,39,59
EScore: 0.73 p value: 1.883e-02 RTime: 49.42,,(no adduct),434.4811,4,39,59
EScore: 0.73 p value: 4.868e-02 RTime: 49.944,,(no adduct),574.9479,3,39,59
EScore: 0.7 p value: 3.179e-02 RTime: 49.81,,(no adduct),529.2817,3,39,59
EScore: 0.7 p value: 4.388e-02 RTime: 49.976,,(no adduct),419.9807,2,39,59
EScore: 0.72 p value: 2.403e-03 RTime: 50.783,,(no adduct),460.7394,2,40,60
EScore: 0.68 p value: 4.528e-02 RTime: 50.36,,(no adduct),435.2237,4,40,60
EScore: 0.68 p value: 3.479e-02 RTime: 50.873,,(no adduct),510.62,3,40,60
EScore: 0.68 p value: 4.203e-02 RTime: 50.04,,(no adduct),423.2312,2,40,60
EScore: 0.66 p value: 6.280e-04 RTime: 50.128,,(no adduct),570.6283,3,40,60
EScore: 0.65 p value: 9.950e-03 RTime: 50.554,,(no adduct),511.6252,3,40,60
EScore: 0.77 p value: 1.718e-02 RTime: 51.054,,(no adduct),439.4943,2,41,61
EScore: 0.73 p value: 4.667e-02 RTime: 51.533,,(no adduct),540.2898,3,41,61
EScore: 0.7 p value: 2.428e-02 RTime: 51.078,,(no adduct),566.9511,3,41,61
EScore: 0.68 p value: 9.800e-03 RTime: 51.403,,(no adduct),526.2758,3,41,61
EScore: 0.67 p value: 4.460e-02 RTime: 51.778,,(no adduct),438.4825,2,41,61
EScore: 0.67 p value: 4.744e-02 RTime: 51.009,,(no adduct),538.2872,3,41,61
EScore: 0.67 p value: 4.677e-02 RTime: 51.181,,(no adduct),522.6296,3,41,61
EScore: 0.66 p value: 4.371e-02 RTime: 51.035,,(no adduct),527.301,3,41,61
EScore: 0.63 p value: 4.221e-02 RTime: 51.005,,(no adduct),517.6162,3,41,61
EScore: 0.75 p value: 3.793e-03 RTime: 52.745,,(no adduct),516.2775,3,42,62
EScore: 0.68 p value: 3.417e-02 RTime: 52.339,,(no adduct),566.2928,3,42,62
EScore: 0.68 p value: 3.917e-02 RTime: 52.884,,(no adduct),433.7324,2,42,62
EScore: 0.63 p value: 4.420e-02 RTime: 52.293,,(no adduct),528.9576,3,42,62
EScore: 0.62 p value: 6.409e-03 RTime: 52.444,,(no adduct),563.3167,3,42,62
EScore: 0.59 p value: 4.536e-02 RTime: 52.717,,(no adduct),521.6198,3,42,62
EScore: 0.72 p value: 4.084e-02 RTime: 53.366,,(no adduct),553.9567,3,43,63
EScore: 0.71 p value: 1.598e-02 RTime: 53.67,,(no adduct),522.9399,3,43,63
EScore: 0.7 p value: 3.168e-02 RTime: 53.945,,(no adduct),564.9565,3,43,63
EScore: 0.69 p value: 2.681e-02 RTime: 53.487,,(no adduct),542.6061,3,43,63
EScore: 0.66 p value: 7.110e-03 RTime: 53.48,,(no adduct),482.9832,2,43,63
EScore: 0.73 p value: 1.251e-02 RTime: 54.564,,(no adduct),492.2748,3,44,64
EScore: 0.71 p value: 4.278e-02 RTime: 54.495,,(no adduct),518.2963,3,44,64
EScore: 0.7 p value: 1.925e-02 RTime: 54.457,,(no adduct),541.307,3,44,64
EScore: 0.61 p value: 1.069e-02 RTime: 54.608,,(no adduct),519.9575,3,44,64
EScore: 0.61 p value: 3.215e-02 RTime: 54.901,,(no adduct),605.6234,3,44,64
EScore: 0.6 p value: 8.095e-03 RTime: 54.427,,(no adduct),454.9988,4,44,64
EScore: 0.85 p value: 2.411e-02 RTime: 55.651,,(no adduct),603.3055,3,45,65
EScore: 0.77 p value: 2.183e-02 RTime: 55.495,,(no adduct),451.7387,2,45,65
EScore: 0.72 p value: 2.098e-02 RTime: 55.115,,(no adduct),427.2383,2,45,65
EScore: 0.71 p value: 4.063e-02 RTime: 55.604,,(no adduct),535.6102,3,45,65
EScore: 0.61 p value: 2.709e-02 RTime: 55.573,,(no adduct),569.6362,3,45,65
EScore: 0.85 p value: 1.229e-02 RTime: 56.395,,(no adduct),465.2455,2,46,66
EScore: 0.78 p value: 1.321e-02 RTime: 56.154,,(no adduct),797.9147,2,46,66
EScore: 0.73 p value: 8.119e-03 RTime: 56.276,,(no adduct),552.9469,3,46,66
EScore: 0.72 p value: 3.744e-02 RTime: 56.432,,(no adduct),556.9668,3,46,66
EScore: 0.7 p value: 3.448e-02 RTime: 56.728,,(no adduct),565.2946,3,46,66
EScore: 0.7 p value: 9.818e-03 RTime: 56.096,,(no adduct),568.6366,3,46,66
EScore: 0.69 p value: 1.205e-02 RTime: 56.612,,(no adduct),452.2254,2,46,66
EScore: 0.68 p value: 7.075e-03 RTime: 56.935,,(no adduct),517.273,3,46,66
EScore: 0.67 p value: 2.550e-02 RTime: 56.587,,(no adduct),530.622,3,46,66
EScore: 0.66 p value: 4.241e-02 RTime: 56.438,,(no adduct),476.2377,2,46,66
EScore: 0.67 p value: 3.242e-02 RTime: 57.728,,(no adduct),537.6253,3,47,67
EScore: 0.66 p value: 3.888e-02 RTime: 57.319,,(no adduct),533.9657,3,47,67
EScore: 0.63 p value: 2.233e-02 RTime: 57.958,,(no adduct),573.9582,3,47,67
EScore: 0.72 p value: 2.384e-02 RTime: 58.25,,(no adduct),529.313,3,48,68
EScore: 0.69 p value: 4.319e-02 RTime: 58.908,,(no adduct),573.6315,3,48,68
EScore: 0.69 p value: 2.332e-02 RTime: 58.982,,(no adduct),554.9568,3,48,68
EScore: 0.68 p value: 3.349e-02 RTime: 58.672,,(no adduct),588.2939,3,48,68
EScore: 0.63 p value: 2.686e-02 RTime: 58.696,,(no adduct),568.6174,3,48,68
EScore: 0.57 p value: 2.261e-02 RTime: 58.562,,(no adduct),572.6145,3,48,68
EScore: 0.72 p value: 1.949e-02 RTime: 59.811,,(no adduct),595.9715,3,49,69
EScore: 0.69 p value: 4.644e-02 RTime: 59.002,,(no adduct),553.2844,3,49,69
EScore: 0.68 p value: 2.884e-02 RTime: 59.024,,(no adduct),515.2878,3,49,69
EScore: 0.65 p value: 2.237e-03 RTime: 59.022,,(no adduct),444.9858,2,49,69
EScore: 0.62 p value: 2.565e-02 RTime: 59.34,,(no adduct),566.2792,3,49,69
EScore: 0.69 p value: 1.331e-02 RTime: 60.803,,(no adduct),454.249,2,50,70
EScore: 0.62 p value: 1.518e-02 RTime: 61.925,,(no adduct),606.9714,3,51,71
EScore: 0.69 p value: 1.007e-02 RTime: 62.678,,(no adduct),666.8951,3,52,72
EScore: 0.67 p value: 7.441e-03 RTime: 62.586,,(no adduct),520.6346,3,52,72
EScore: 0.65 p value: 9.610e-03 RTime: 62.862,,(no adduct),783.9045,2,52,72
EScore: 0.72 p value: 5.630e-03 RTime: 63.876,,(no adduct),552.9605,3,53,73
EScore: 0.64 p value: 4.605e-02 RTime: 63.282,,(no adduct),538.6203,3,53,73
EScore: 0.6 p value: 1.892e-02 RTime: 63.238,,(no adduct),551.6158,3,53,73
EScore: 0.6 p value: 2.205e-02 RTime: 64.855,,(no adduct),547.972,3,54,74
EScore: 0.57 p value: 3.398e-02 RTime: 64.718,,(no adduct),567.3284,2,54,74
EScore: 0.89 p value: 1.462e-03 RTime: 65.72,,(no adduct),941.0307,2,55,75
EScore: 0.68 p value: 4.260e-02 RTime: 65.702,,(no adduct),566.3149,3,55,75
EScore: 0.68 p value: 2.764e-02 RTime: 65.107,,(no adduct),575.2864,3,55,75
EScore: 0.75 p value: 8.982e-03 RTime: 66.17,,(no adduct),550.9415,3,56,76
EScore: 0.57 p value: 3.982e-02 RTime: 66.798,,(no adduct),560.6495,3,56,76
EScore: 0.97 p value: 6.919e-03 RTime: 67.535,,(no adduct),908.4286,2,57,77
EScore: 0.63 p value: 2.456e-02 RTime: 67.093,,(no adduct),805.4043,2,57,77
EScore: 0.6 p value: 4.885e-02 RTime: 67.556,,(no adduct),542.6479,3,57,77
EScore: 0.97 p value: 4.143e-03 RTime: 68.251,,(no adduct),908.9296,2,58,78
EScore: 0.97 p value: 7.356e-03 RTime: 69.49,,(no adduct),908.9304,2,59,79
EScore: 0.97 p value: 1.179e-02 RTime: 70.042,,(no adduct),735.5648,3,60,80
EScore: 0.95 p value: 1.144e-02 RTime: 71.085,,(no adduct),789.8664,2,61,81
EScore: 0.68 p value: 9.418e-03 RTime: 79.435,,(no adduct),977.3989,2,69,89
EScore: 0.67 p value: 1.451e-02 RTime: 79.737,,(no adduct),782.1226,2,69,89
EScore: 0.57 p value: 4.881e-02 RTime: 79.298,,(no adduct),434.2795,2,69,89
EScore: 0.67 p value: 1.731e-02 RTime: 80.959,,(no adduct),782.1223,2,70,90
EScore: 0.63 p value: 1.775e-02 RTime: 81.374,,(no adduct),478.3055,2,71,91
EScore: 0.6 p value: 2.254e-02 RTime: 84.743,,(no adduct),467.7836,4,74,94
EScore: 0.67 p value: 3.549e-02 RTime: 86.638,,(no adduct),382.2559,2,76,96
EScore: 0.67 p value: 4.031e-02 RTime: 86.112,,(no adduct),382.2558,2,76,96
